Position,Const,Created,Modified,Description,Name,Known For,Birth Date
1,nm0000204,2018-07-20,2021-06-19,64117 points,Natalie Portman,Black Swan,1981-06-09
2,nm0004266,2018-08-05,2021-03-05,56731 points,Anne Hathaway,Les Misérables,1982-11-12
3,nm0001735,2018-07-16,2018-07-18,54709 points,Talia Shire,Rocky,1946-04-25
4,nm2225369,2018-08-17,2021-09-08,54280 points,Jennifer Lawrence,The Hunger Games,1990-08-15
5,nm0000194,2018-07-20,2021-05-26,53266 points,Julianne Moore,Far from Heaven,1960-12-03
6,nm0000473,2018-07-16,2018-08-02,52796 points,Diane Keaton,Annie Hall,1946-01-05
7,nm2244205,2018-08-10,2021-12-09,52174 points,Léa Seydoux,La vie d'Adèle,1985-07-01
8,nm0000705,2018-07-20,2021-05-10,52046 points,Robin Wright,Forrest Gump,1966-04-08
9,nm0000949,2018-07-30,2021-12-09,51488 points,Cate Blanchett,Carol,1969-05-14
10,nm0461136,2018-08-02,2021-05-01,50689 points,Keira Knightley,Pirates of the Caribbean: The Curse of the Black Pearl,1985-03-26
11,nm0000235,2018-07-18,2018-08-03,49996 points,Uma Thurman,Kill Bill: Vol. 1,1970-04-29
12,nm0182839,2018-08-07,2020-03-27,48284 points,Marion Cotillard,La Môme,1975-09-30
13,nm0424060,2018-08-01,2020-02-09,48093 points,Scarlett Johansson,Lost in Translation,1984-11-22
14,nm1567113,2018-08-18,2021-07-15,47837 points,Jessica Chastain,Zero Dark Thirty,1977-03-24
15,nm0010736,2018-08-01,2018-08-23,47662 points,Amy Adams,Arrival,1974-08-20
16,nm0000307,2018-07-17,2018-08-20,47201 points,Helena Bonham Carter,Sweeney Todd: The Demon Barber of Fleet Street,1966-05-26
17,nm0000701,2018-07-20,2021-05-15,46637 points,Kate Winslet,Eternal Sunshine of the Spotless Mind,1975-10-05
18,nm0267812,2018-08-05,2020-07-17,44087 points,Vera Farmiga,The Departed,1973-08-06
19,nm0000149,2018-07-16,2021-09-03,42826 points,Jodie Foster,The Silence of the Lambs,1962-11-19
20,nm0350454,2018-08-02,2021-09-06,40851 points,Maggie Gyllenhaal,Secretary,1977-11-16
21,nm0842770,2018-08-01,2018-08-24,39274 points,Tilda Swinton,We Need to Talk About Kevin,1960-11-05
22,nm0000569,2018-07-21,2019-12-18,39032 points,Gwyneth Paltrow,Shakespeare in Love,1972-09-27
23,nm0000531,2018-07-17,2021-09-13,38115 points,Frances McDormand,"Three Billboards Outside Ebbing, Missouri",1957-06-23
24,nm0000213,2018-07-18,2021-09-24,37977 points,Winona Ryder,Little Women,1971-10-29
25,nm0000658,2018-07-17,2020-03-09,37339 points,Meryl Streep,Out of Africa,1949-06-22
26,nm0005251,2018-07-30,2018-08-18,36874 points,Carrie-Anne Moss,The Matrix,1967-08-21
27,nm0000124,2018-07-18,2018-08-10,36564 points,Jennifer Connelly,A Beautiful Mind,1970-12-12
28,nm0001132,2018-07-21,2018-08-22,36468 points,Judi Dench,Skyfall,1934-12-09
29,nm0000113,2018-07-20,2021-11-17,34423 points,Sandra Bullock,The Proposal,1964-07-26
30,nm0000402,2018-07-16,2018-07-18,34017 points,Carrie Fisher,Star Wars: Episode VIII - The Last Jedi,1956-10-21
31,nm0000244,2018-07-17,2020-01-24,33714 points,Sigourney Weaver,Alien: Resurrection,1949-10-08
32,nm0001625,2018-08-21,2018-08-21,33270 points,Amanda Plummer,Pulp Fiction,1957-03-23
33,nm0365140,2018-08-20,2021-05-24,33172 points,Naomie Harris,28 Days Later...,1976-09-06
34,nm0502425,2018-08-02,2021-12-05,32624 points,Melissa Leo,The Fighter,1960-09-14
35,nm0000210,2018-07-18,2021-04-08,31983 points,Julia Roberts,Pretty Woman,1967-10-28
36,nm0356017,2018-08-05,2018-08-21,31969 points,Rebecca Hall,Vicky Cristina Barcelona,1982-05-03
37,nm1297015,2018-08-18,2021-05-15,31836 points,Emma Stone,La La Land,1988-11-06
38,nm1017334,2018-08-22,2021-06-25,31821 points,Juno Temple,Atonement,1989-07-21
39,nm0000398,2018-07-18,2018-08-20,31640 points,Sally Field,Forrest Gump,1946-11-06
40,nm0000435,2018-07-18,2019-01-03,31397 points,Daryl Hannah,Kill Bill: Vol. 2,1960-12-03
41,nm1046097,2018-08-03,2021-05-24,30560 points,Rachel McAdams,The Notebook,1978-11-17
42,nm0000173,2018-07-21,2021-11-02,30503 points,Nicole Kidman,Moulin Rouge!,1967-06-20
43,nm0004950,2018-08-01,2021-11-23,29970 points,Jennifer Garner,Alias,1972-04-17
44,nm0607865,2018-08-07,2019-04-10,29417 points,Emily Mortimer,Mary Poppins Returns,1971-10-06
45,nm0915208,2018-08-01,2018-08-22,29246 points,Naomi Watts,Mulholland Dr.,1968-09-28
46,nm1659547,2018-08-04,2021-06-25,28967 points,Carey Mulligan,Never Let Me Go,1985-05-28
47,nm0931329,2018-08-02,2021-05-10,28923 points,Michelle Williams,My Week with Marilyn,1980-09-09
48,nm1208167,2018-08-10,2021-06-09,28878 points,Diane Kruger,Inglourious Basterds,1976-07-15
49,nm0000870,2018-07-18,2021-05-05,28242 points,Kathy Bates,Misery,1948-06-28
50,nm0491259,2018-08-10,2021-09-10,28040 points,Mélanie Laurent,Inglourious Basterds,1983-02-21
51,nm0005466,2018-08-02,2021-05-07,27975 points,Julia Stiles,10 Things I Hate About You,1981-03-28
52,nm3053338,2018-08-21,2021-11-02,27832 points,Margot Robbie,Suicide Squad,1990-07-02
53,nm0001057,2018-07-30,2020-05-24,26689 points,Toni Collette,About a Boy,1972-11-01
54,nm0914612,2018-08-01,2020-03-09,26500 points,Emma Watson,The Perks of Being a Wallflower,1990-04-15
55,nm0931404,2018-07-30,2021-08-30,26219 points,Olivia Williams,The Ghost Writer,1968-07-26
56,nm0205626,2018-08-02,2018-08-24,26192 points,Viola Davis,Fences,1965-08-11
57,nm0001473,2018-07-26,2019-08-29,25959 points,Laura Linney,The Big C,1964-02-05
58,nm0001416,2018-07-30,2021-05-14,25861 points,Catherine Keener,Being John Malkovich,1959-03-23
59,nm0000275,2018-07-17,2019-09-29,25701 points,Rosanna Arquette,Pulp Fiction,1959-08-10
60,nm0103797,2021-05-26,2021-09-03,25363 points,Alice Braga,I Am Legend,1983-04-15
61,nm0165101,2018-08-02,2018-08-19,25263 points,Patricia Clarkson,The Station Agent,1959-12-29
62,nm0757855,2018-08-21,2021-09-24,24906 points,Zoe Saldana,Guardians of the Galaxy,1978-06-19
63,nm0680983,2018-08-06,2018-08-20,24537 points,Elliot Page,Juno,1987-02-21
64,nm1102577,2018-08-05,2018-08-23,24330 points,Elle Fanning,Super 8,1998-04-09
65,nm0913488,2018-08-03,2018-08-20,24210 points,Kerry Washington,Scandal,1977-01-31
66,nm0000139,2018-07-20,2018-08-22,23982 points,Cameron Diaz,Vanilla Sky,1972-08-30
67,nm0001749,2018-07-17,2019-12-23,23927 points,Maggie Smith,Gosford Park,1934-12-28
68,nm1325419,2018-08-18,2018-08-23,23641 points,Kristen Wiig,Bridesmaids,1973-08-22
69,nm0000260,2018-07-24,2021-05-07,23630 points,Joan Allen,Room,1956-08-20
70,nm0006969,2018-08-09,2018-08-21,23590 points,Elizabeth Banks,The Hunger Games,1974-02-10
71,nm0000906,2018-07-21,2018-08-17,23395 points,Annette Bening,American Beauty,1958-05-29
72,nm1913734,2018-08-17,2018-08-23,23255 points,Rooney Mara,Carol,1985-04-17
73,nm0000492,2018-07-19,2021-09-07,22915 points,Jennifer Jason Leigh,The Hateful Eight,1962-02-05
74,nm1519680,2018-08-06,2021-02-06,22428 points,Saoirse Ronan,Hanna,1994-04-12
75,nm0004851,2018-07-24,2020-02-09,22220 points,Penélope Cruz,Vicky Cristina Barcelona,1974-04-28
76,nm0005154,2018-08-02,2018-08-19,22156 points,Lucy Liu,Kill Bill: Vol. 1,1968-12-02
77,nm0000379,2018-07-20,2019-08-15,22086 points,Kirsten Dunst,Spider-Man,1982-04-30
78,nm0001567,2018-07-23,2021-01-11,21989 points,Connie Nielsen,Gladiator,1965-07-03
79,nm1157358,2018-08-02,2021-05-17,21647 points,Michelle Monaghan,Gone Baby Gone,1976-03-23
80,nm0531808,2018-07-21,2019-12-23,21334 points,Kelly Macdonald,No Country for Old Men,1976-02-23
81,nm0005049,2018-08-17,2021-11-02,21281 points,Allison Janney,The Help,1959-11-19
82,nm0005305,2021-06-05,2021-06-05,21219 points,Piper Perabo,Coyote Ugly,1976-10-31
83,nm0000407,2018-08-02,2018-08-03,20987 points,Vivica A. Fox,Independence Day,1964-07-30
84,nm0005017,2018-07-24,2018-08-23,20868 points,Katie Holmes,Batman Begins,1978-12-18
85,nm0000383,2018-08-10,2021-06-15,20787 points,Jennifer Ehle,Zero Dark Thirty,1969-12-29
86,nm0001838,2018-08-01,2021-05-21,20695 points,Rachel Weisz,The Constant Gardener,1970-03-07
87,nm0000239,2018-08-01,2018-08-07,20033 points,Liv Tyler,Armageddon,1977-07-01
88,nm0000702,2018-08-04,2021-04-29,19889 points,Reese Witherspoon,Wild,1976-03-22
89,nm0005256,2018-08-02,2021-06-03,19885 points,Bridget Moynahan,"I, Robot",1971-04-28
90,nm0000670,2018-07-17,2018-07-18,19767 points,Lea Thompson,Back to the Future,1961-05-31
91,nm1289434,2018-08-05,2021-06-05,19758 points,Emily Blunt,Edge of Tomorrow,1983-02-23
92,nm1368866,2020-02-09,2020-02-09,19503 points,Stephanie Kurtzuba,The Irishman,
93,nm0001876,2018-07-31,2019-11-25,19389 points,Catherine Zeta-Jones,Chicago,1969-09-25
94,nm0005476,2018-07-30,2018-08-18,19359 points,Hilary Swank,Million Dollar Baby,1974-07-30
95,nm0752407,2018-08-06,2018-08-23,19296 points,Amy Ryan,Gone Baby Gone,1968-05-03
96,nm0683253,2018-08-04,2021-04-27,19294 points,Rosamund Pike,Gone Girl,1979-01-27
97,nm0005299,2018-08-20,2018-08-24,19224 points,Sarah Paulson,12 Years a Slave,1974-12-17
98,nm0000201,2018-07-17,2021-07-15,19139 points,Michelle Pfeiffer,What Lies Beneath,1958-04-29
99,nm0000995,2018-07-16,2021-04-11,19098 points,Ellen Burstyn,Requiem for a Dream,1932-12-07
100,nm0001833,2018-07-22,2021-08-27,19023 points,Emily Watson,Breaking the Waves,1967-01-14
101,nm0000107,2018-07-18,2021-05-04,18884 points,Kim Basinger,L.A. Confidential,1953-12-08
102,nm0818055,2018-08-18,2021-06-29,18439 points,Octavia Spencer,Hidden Figures,1970-05-25
103,nm0001315,2018-07-18,2018-08-19,18125 points,Marcia Gay Harden,Mystic River,1959-08-14
104,nm0683467,2018-08-24,2019-09-24,18112 points,Alison Pill,Scott Pilgrim vs. the World,1985-11-27
105,nm0447695,2018-08-10,2021-05-23,18070 points,Anna Kendrick,Up in the Air,1985-08-09
106,nm0000234,2018-07-23,2021-11-02,17612 points,Charlize Theron,Monster,1975-08-07
107,nm0000673,2018-08-01,2019-04-04,17561 points,Marisa Tomei,My Cousin Vinny,1964-12-04
108,nm0004376,2018-07-27,2018-11-19,17561 points,Franka Potente,Lola rennt,1974-07-22
109,nm0000261,2018-07-17,2018-08-08,17527 points,Karen Allen,Raiders of the Lost Ark,1951-10-05
110,nm0004920,2018-08-23,2018-08-23,17468 points,Frances Fisher,Titanic,1952-05-11
111,nm0279545,2018-08-21,2018-08-23,17349 points,Isla Fisher,Wedding Crashers,1976-02-03
112,nm0000368,2018-07-18,2020-03-09,17330 points,Laura Dern,Jurassic Park,1967-02-10
113,nm0000707,2019-01-03,2021-05-10,17048 points,Sean Young,Blade Runner,1959-11-20
114,nm0829576,2018-08-01,2018-08-24,16821 points,Kristen Stewart,Snow White and the Huntsman,1990-04-09
115,nm0000350,2018-07-26,2018-07-26,16656 points,Beverly D'Angelo,National Lampoon's Vacation,1951-11-15
116,nm0005460,2018-07-18,2018-08-18,16595 points,Mary Steenburgen,Last Vegas,1953-02-08
117,nm0004742,2018-08-04,2021-09-06,16488 points,Maria Bello,A History of Violence,1967-04-18
118,nm0180411,2018-08-06,2021-05-09,16402 points,Abbie Cornish,Bright Star,1982-08-07
119,nm0266824,2018-08-01,2020-02-09,15975 points,Dakota Fanning,War of the Worlds,1994-02-23
120,nm0607185,2018-08-18,2021-09-24,15619 points,Jennifer Morrison,House M.D.,1979-04-12
121,nm0001287,2018-07-24,2021-05-25,15614 points,Heather Graham,Austin Powers: The Spy Who Shagged Me,1970-01-29
122,nm0001401,2018-07-30,2018-08-22,15595 points,Angelina Jolie,"Girl, Interrupted",1975-06-04
123,nm0544718,2018-08-10,2018-08-23,15431 points,Kate Mara,Fantastic Four,1983-02-27
124,nm0000603,2018-07-16,2021-07-14,15393 points,Vanessa Redgrave,Coriolanus,1937-01-30
125,nm0487884,2018-08-03,2018-08-21,15083 points,Alexandra Maria Lara,Der Untergang,1978-11-12
126,nm1985859,2018-08-17,2021-07-15,14932 points,Mia Wasikowska,Alice in Wonderland,1989-10-25
127,nm0001721,2018-07-30,2021-04-29,14901 points,Chloë Sevigny,We Are Who We Are,1974-11-18
128,nm0001221,2018-07-16,2018-07-16,14605 points,Louise Fletcher,One Flew Over the Cuckoo's Nest,1934-07-22
129,nm0000889,2018-07-18,2021-07-07,14501 points,Bonnie Bedelia,Die Hard,1948-03-25
130,nm1113550,2018-08-01,2018-08-22,14406 points,Abigail Breslin,Little Miss Sunshine,1996-04-14
131,nm0001521,2018-07-18,2018-08-19,14204 points,Mary McDonnell,Battlestar Galactica,1952-04-28
132,nm0000966,2018-07-18,2018-07-18,14152 points,Lorraine Bracco,Goodfellas,1954-10-02
133,nm0001523,2018-07-27,2018-07-27,14099 points,Natascha McElhone,Solaris,1969-12-14
134,nm0000166,2018-07-22,2018-08-21,14056 points,Helen Hunt,As Good as It Gets,1963-06-15
135,nm0001167,2018-07-17,2021-04-20,14014 points,Shelley Duvall,The Shining,1949-07-07
136,nm0000899,2018-07-31,2018-08-23,13960 points,Monica Bellucci,Malèna,1964-09-30
137,nm0397171,2018-08-18,2021-01-01,13873 points,Bryce Dallas Howard,Jurassic World,1981-03-02
138,nm0225332,2018-08-22,2018-08-22,13869 points,Kim Dickens,Gone Girl,1965-06-18
139,nm0001848,2018-07-18,2021-05-11,13564 points,Dianne Wiest,The Birdcage,1946-03-28
140,nm1469236,2020-01-14,2021-08-30,13492 points,Olivia Colman,The Favourite,1974-01-30
141,nm2057859,2018-08-20,2021-05-15,13480 points,Andrea Riseborough,Birdman or (The Unexpected Virtue of Ignorance),1981-11-20
142,nm0000656,2018-07-19,2021-07-14,13410 points,Madeleine Stowe,Twelve Monkeys,1958-08-18
143,nm0000496,2018-07-19,2018-08-22,13292 points,Juliette Lewis,Natural Born Killers,1973-06-21
144,nm0004650,2018-07-22,2021-05-22,13119 points,Marisa Paredes,Todo sobre mi madre,1946-04-03
145,nm0851582,2018-08-01,2020-12-04,13079 points,Audrey Tautou,Le fabuleux destin d'Amélie Poulain,1976-08-09
146,nm1631269,2018-08-18,2021-12-05,12900 points,Chloë Grace Moretz,Kick-Ass,1997-02-10
147,nm0001669,2018-07-18,2018-08-17,12820 points,Miranda Richardson,The Crying Game,1958-03-03
148,nm0000171,2018-07-21,2021-11-17,12728 points,Ashley Judd,Double Jeopardy,1968-04-19
149,nm0628601,2018-08-03,2018-08-05,12720 points,Thandiwe Newton,Crash,1972-11-06
150,nm0593664,2018-08-01,2018-08-06,12621 points,Radha Mitchell,Pitch Black,1973-11-12
151,nm0000215,2018-07-16,2018-08-21,12603 points,Susan Sarandon,Thelma & Louise,1946-10-04
152,nm1200692,2018-08-04,2019-09-22,12589 points,Eva Green,Casino Royale,1980-07-06
153,nm0001021,2018-07-17,2020-09-01,12584 points,Veronica Cartwright,Alien,1949-04-20
154,nm0000651,2018-07-16,2018-08-18,12491 points,Sissy Spacek,In the Bedroom,1949-12-25
155,nm1745736,2018-08-05,2018-08-20,12394 points,Paula Patton,Precious,1975-12-05
156,nm0000099,2018-07-20,2018-08-22,12391 points,Patricia Arquette,True Romance,1968-04-08
157,nm0001517,2018-08-01,2018-08-01,12363 points,Catherine McCormack,Braveheart,1972-04-03
158,nm0000571,2018-07-19,2021-09-08,12290 points,Mary-Louise Parker,Weeds,1964-08-02
159,nm5939164,2020-02-09,2020-02-09,12287 points,Zazie Beetz,Atlanta,1991-05-25
160,nm0005109,2018-08-17,2018-08-17,12167 points,Mila Kunis,Black Swan,1983-08-14
161,nm2951768,2018-08-08,2018-08-08,12155 points,Freida Pinto,Slumdog Millionaire,1984-10-18
162,nm0993242,2018-08-04,2018-08-08,12054 points,Clémence Poésy,In Bruges,1982-10-30
163,nm0000882,2018-08-01,2018-08-06,12040 points,Nathalie Baye,Catch Me If You Can,1948-07-06
164,nm0000521,2018-07-21,2018-07-30,11946 points,Sophie Marceau,La boum,1966-11-17
165,nm0000623,2018-07-20,2018-08-23,11890 points,Rene Russo,Nightcrawler,1954-02-17
166,nm0001463,2018-07-15,2018-07-15,11580 points,Janet Leigh,Psycho,1927-07-06
167,nm0000545,2018-07-18,2021-02-07,11279 points,Helen Mirren,The Queen,1945-07-26
168,nm0587256,2018-07-15,2018-07-15,11137 points,Vera Miles,The Man Who Shot Liberty Valance,1929-08-23
169,nm0002536,2018-08-03,2018-08-04,11053 points,Emmy Rossum,The Phantom of the Opera,1986-09-12
170,nm0893204,2018-07-21,2019-04-11,11037 points,Diane Venora,Heat,1952-08-10
171,nm0000250,2018-07-21,2021-05-21,10992 points,Renée Zellweger,Chicago,1969-04-25
172,nm0001593,2018-07-20,2020-02-09,10917 points,Anna Paquin,The Piano,1982-07-24
173,nm1020089,2018-08-08,2018-08-24,10831 points,Sally Hawkins,The Shape of Water,1976-04-27
174,nm2539953,2018-08-20,2021-11-26,10776 points,Alicia Vikander,Ex Machina,1988-10-03
175,nm0005064,2018-08-18,2019-05-31,10765 points,January Jones,X: First Class,1978-01-05
176,nm0000566,2018-08-08,2019-01-09,10723 points,Julia Ormond,My Week with Marilyn,1965-01-04
177,nm0000038,2018-07-15,2018-07-15,10593 points,Grace Kelly,Dial M for Murder,1929-11-12
178,nm0578949,2018-08-01,2018-08-20,10527 points,Eva Mendes,Hitch,1974-03-05
179,nm0000365,2018-07-20,2018-08-21,10498 points,Julie Delpy,Trois couleurs: Blanc,1969-12-21
180,nm0007814,2018-08-04,2021-05-10,10427 points,Hiam Abbass,Blade Runner 2049,1960-11-30
181,nm0001046,2018-07-15,2021-06-09,10395 points,Julie Christie,Doctor Zhivago,1940-04-14
182,nm0000218,2018-07-22,2021-07-14,10320 points,Kristin Scott Thomas,The English Patient,1960-05-24
183,nm0000668,2018-07-20,2021-05-16,10289 points,Emma Thompson,Sense and Sensibility,1959-04-15
184,nm0717709,2018-08-10,2020-03-11,10257 points,Kelly Reilly,Pride & Prejudice,1977-07-18
185,nm0001378,2018-08-01,2018-08-18,10029 points,Anjelica Huston,The Grifters,1951-07-08
186,nm0000193,2018-07-18,2021-04-26,10018 points,Demi Moore,G.I. Jane,1962-11-11
187,nm0893941,2018-08-01,2018-08-05,9951 points,Maribel Verdú,El laberinto del fauno,1970-10-02
188,nm0378245,2018-08-24,2018-08-24,9922 points,Taraji P. Henson,The Curious Case of Benjamin Button,1970-09-11
189,nm0001687,2018-07-19,2018-08-06,9880 points,Gena Rowlands,The Notebook,1930-06-19
190,nm0939697,2018-08-07,2018-08-19,9844 points,Evan Rachel Wood,Thirteen,1987-09-07
191,nm0000400,2018-07-23,2018-07-30,9766 points,Linda Fiorentino,The Last Seduction,1958-03-09
192,nm0488953,2018-08-21,2021-10-31,9715 points,Brie Larson,Room,1989-10-01
193,nm0000006,2018-07-14,2019-04-02,9555 points,Ingrid Bergman,Casablanca,1915-08-29
194,nm1856097,2020-12-31,2020-12-31,9321 points,Yeo-jeong Cho,Gisaengchung,1981-02-10
195,nm6476224,2020-12-31,2020-12-31,9321 points,So-dam Park,Gisaengchung,1991-09-08
196,nm0000212,2018-07-18,2018-07-27,9257 points,Meg Ryan,When Harry Met Sally...,1961-11-19
197,nm0724757,2021-05-26,2021-05-26,9212 points,Salli Richardson-Whitfield,Anacondas: The Hunt for the Blood Orchid,1967-11-23
198,nm0001159,2018-07-16,2018-07-19,9200 points,Faye Dunaway,Network,1941-01-14
199,nm0001732,2018-07-16,2018-07-16,9129 points,Cybill Shepherd,Cybill,1950-02-18
200,nm0000232,2018-07-19,2018-08-06,9048 points,Sharon Stone,Basic Instinct,1958-03-10
201,nm0000510,2018-07-18,2020-09-30,9032 points,Andie MacDowell,Groundhog Day,1958-04-21
202,nm0000971,2018-07-22,2018-07-22,8998 points,Nicoletta Braschi,La vita è bella,1960-04-19
203,nm0004787,2018-08-08,2021-06-09,8995 points,Saffron Burrows,You,1972-10-22
204,nm2247245,2018-08-24,2021-12-05,8875 points,Haley Bennett,The Magnificent Seven,1988-01-07
205,nm0000456,2018-07-20,2019-09-29,8800 points,Holly Hunter,The Piano,1958-03-20
206,nm0955471,2018-07-31,2021-10-13,8780 points,Ziyi Zhang,Yi dai zong shi,1979-02-09
207,nm0608090,2018-08-01,2019-03-09,8673 points,Samantha Morton,Minority Report,1977-05-13
208,nm1679778,2018-08-21,2021-05-10,8552 points,Sylvia Hoeks,Blade Runner 2049,1983-06-01
209,nm0001632,2018-07-31,2018-08-18,8547 points,Teri Polo,Meet the Parents,1969-06-01
210,nm0001100,2018-07-31,2018-08-18,8547 points,Blythe Danner,Meet the Parents,1943-02-03
211,nm0000403,2018-07-18,2018-07-24,8462 points,Bridget Fonda,A Simple Plan,1964-01-27
212,nm0001543,2018-07-27,2018-08-23,8456 points,Gretchen Mol,The Thirteenth Floor,1972-11-08
213,nm0341737,2018-08-01,2018-08-23,8431 points,Rachel Griffiths,Six Feet Under,1968-12-18
214,nm0308882,2018-07-16,2018-07-17,8264 points,Lorraine Gary,Jaws: The Revenge,1937-08-16
215,nm1419440,2018-08-05,2018-08-05,8259 points,Ivana Baquero,El laberinto del fauno,1994-06-11
216,nm0317725,2018-08-05,2018-08-05,8259 points,Ariadna Gil,El laberinto del fauno,1969-01-23
217,nm0636426,2018-08-15,2020-03-02,8255 points,Noomi Rapace,Män som hatar kvinnor,1979-12-28
218,nm0000170,2018-07-20,2021-05-19,8135 points,Milla Jovovich,The Fifth Element,1975-12-17
219,nm0005093,2018-07-21,2018-08-03,8096 points,Regina King,Ray,1971-01-15
220,nm0007102,2018-08-20,2018-08-20,8045 points,Tabu,Andhadhun,1970-11-04
221,nm0000511,2018-07-15,2018-08-21,8004 points,Shirley MacLaine,Terms of Endearment,1934-04-24
222,nm0001250,2018-08-02,2018-08-19,7953 points,Charlotte Gainsbourg,Antichrist,1971-07-21
223,nm0000950,2018-07-19,2018-08-06,7923 points,Brenda Blethyn,Pride & Prejudice,1946-02-20
224,nm0001648,2018-07-18,2021-09-08,7909 points,Charlotte Rampling,45 Years,1946-02-05
225,nm1086543,2018-08-08,2021-04-08,7881 points,Amanda Seyfried,Les Misérables,1985-12-03
226,nm0000526,2021-04-29,2021-04-29,7856 points,Samantha Mathis,Broken Arrow,1970-05-12
227,nm0000295,2018-07-20,2018-08-20,7832 points,Kate Beckinsale,Underworld: Evolution,1973-07-26
228,nm0295484,2018-08-18,2018-08-18,7717 points,Anna Friel,Land of the Lost,1976-07-12
229,nm0000706,2018-07-24,2021-10-13,7656 points,Michelle Yeoh,Wo hu cang long,1962-08-06
230,nm1671512,2018-08-07,2021-05-25,7623 points,Anamaria Marinca,"4 luni, 3 saptamâni si 2 zile",1978-04-01
231,nm0038918,2019-10-01,2019-10-01,7585 points,Kate Ashfield,Shaun of the Dead,1972-05-28
232,nm0000463,2018-07-21,2018-08-08,7549 points,Famke Janssen,X-Men: The Last Stand,1964-11-05
233,nm0000133,2018-07-19,2020-12-12,7485 points,Geena Davis,Thelma & Louise,1956-01-21
234,nm1597316,2021-05-26,2021-05-26,7445 points,Adrianne Palicki,G.I. Joe: Retaliation,1983-05-06
235,nm0737533,2018-08-21,2018-08-23,7348 points,Elisabeth Röhm,American Hustle,1973-04-28
236,nm1092227,2018-08-22,2021-06-24,7252 points,Sienna Miller,G.I. Joe: The Rise of Cobra,1981-12-28
237,nm0000679,2018-07-23,2019-09-29,7228 points,Deborah Kara Unger,The Game,1966-05-12
238,nm0001584,2018-07-27,2018-08-04,7206 points,Miranda Otto,The Lord of the Rings: The Return of the King,1967-12-16
239,nm0311476,2018-08-05,2018-08-10,7180 points,Martina Gedeck,Das Leben der Anderen,1961-09-14
240,nm0362896,2018-08-03,2018-08-05,7158 points,Corinna Harfouch,Der Untergang,1954-10-16
241,nm0591352,2018-08-03,2018-08-05,7158 points,Birgit Minichmayr,Der Untergang,1977-04-03
242,nm1869101,2021-05-10,2021-05-10,7153 points,Ana de Armas,Blade Runner 2049,1988-04-30
243,nm0000420,2018-07-18,2018-08-02,7152 points,Valeria Golino,Rain Man,1965-10-22
244,nm0000613,2018-08-18,2018-08-24,7103 points,Joely Richardson,Nip/Tuck,1965-01-09
245,nm0000155,2018-07-17,2018-07-30,7072 points,Whoopi Goldberg,Ghost,1955-11-13
246,nm0000618,2018-07-18,2018-08-23,7031 points,Isabella Rossellini,Blue Velvet,1952-06-18
247,nm0001012,2018-07-15,2018-07-16,7016 points,Claudia Cardinale,C'era una volta il West,1938-04-15
248,nm0000666,2018-08-21,2020-09-30,6974 points,Lili Taylor,American Crime,1967-02-20
249,nm0067367,2018-08-18,2019-04-28,6911 points,Bérénice Bejo,The Artist,1976-07-07
250,nm0001693,2018-07-15,2018-07-15,6880 points,Eva Marie Saint,On the Waterfront,1924-07-04
251,nm0000030,2018-07-15,2018-07-15,6847 points,Audrey Hepburn,Breakfast at Tiffany's,1929-05-04
252,nm0645683,2018-08-03,2020-12-04,6828 points,Sophie Okonedo,Hotel Rwanda,1968-08-11
253,nm2736690,2021-05-25,2021-05-25,6776 points,Alicia von Rittberg,Fury,1993-12-10
254,nm0001435,2018-07-30,2018-08-24,6659 points,Lisa Kudrow,Friends,1963-07-30
255,nm1367246,2018-08-02,2018-08-02,6601 points,Kang Hye-jeong,Oldeuboi,1982-01-04
256,nm0000023,2018-07-14,2018-07-15,6585 points,Judy Garland,The Wizard of Oz,1922-06-10
257,nm0521443,2018-07-26,2018-08-20,6552 points,Susanne Lothar,Funny Games,1960-11-15
258,nm0378932,2018-08-05,2018-08-08,6534 points,Karoline Herfurth,Perfume: The Story of a Murderer,1984-05-22
259,nm0001684,2018-07-16,2018-07-16,6513 points,Katharine Ross,The Graduate,1940-01-29
260,nm0728812,2018-07-15,2018-07-15,6501 points,Thelma Ritter,Rear Window,1902-02-14
261,nm0267506,2018-08-02,2018-08-02,6459 points,Anna Faris,The House Bunny,1976-11-29
262,nm0000843,2018-07-16,2018-07-17,6353 points,Anne Bancroft,The Graduate,1931-09-17
263,nm1679669,2018-08-10,2018-08-23,6348 points,Rosemarie DeWitt,Rachel Getting Married,1971-10-26
264,nm0002104,2018-07-14,2018-07-14,6319 points,Paulette Goddard,The Ghost Breakers,1910-06-03
265,nm0000130,2018-07-17,2021-09-24,6317 points,Jamie Lee Curtis,Halloween,1958-11-22
266,nm0000162,2018-07-23,2018-08-02,6304 points,Anne Heche,Six Days Seven Nights,1969-05-25
267,nm0004802,2021-07-19,2021-07-19,6281 points,Linda Cardellini,Scooby-Doo,1975-06-25
268,nm0004754,2018-08-05,2018-08-21,6271 points,Jessica Biel,The Illusionist,1982-03-03
269,nm0005028,2018-07-31,2018-08-24,6211 points,Kate Hudson,Almost Famous,1979-04-19
270,nm0000157,2018-07-17,2018-07-17,6206 points,Linda Hamilton,Terminator 2: Judgment Day,1956-09-26
271,nm0000098,2018-08-03,2021-10-13,6188 points,Jennifer Aniston,Friends,1969-02-11
272,nm0001201,2018-07-16,2018-08-10,6175 points,Mia Farrow,Rosemary's Baby,1945-02-09
273,nm0000565,2018-07-30,2018-08-08,6167 points,Lena Olin,The Unbearable Lightness of Being,1955-03-22
274,nm0002039,2018-07-18,2019-01-25,6086 points,Ruby Dee,American Gangster,1922-10-27
275,nm0001527,2018-07-17,2021-07-20,6074 points,Elizabeth McGovern,Ordinary People,1961-07-18
276,nm0000046,2018-07-14,2018-07-15,6019 points,Vivien Leigh,A Streetcar Named Desire,1913-11-05
277,nm0001807,2018-08-18,2018-08-18,6000 points,Cicely Tyson,The Help,1924-12-19
278,nm1312575,2018-08-21,2018-08-21,6000 points,Olivia Wilde,Tron,1984-03-10
279,nm0001547,2018-07-14,2018-07-14,5972 points,Agnes Moorehead,"Hush...Hush, Sweet Charlotte",1900-12-06
280,nm0000427,2018-07-22,2018-07-24,5943 points,Pam Grier,Jackie Brown,1949-05-26
281,nm0001036,2018-07-15,2018-08-20,5930 points,Geraldine Chaplin,Hable con ella,1944-07-31
282,nm0001009,2018-07-17,2018-07-17,5917 points,Kate Capshaw,Indiana Jones and the Temple of Doom,1953-11-03
283,nm0005442,2018-08-03,2018-08-03,5910 points,Amy Smart,Rat Race,1976-03-26
284,nm0189887,2018-08-04,2018-08-22,5895 points,Marie-Josée Croze,Les invasions barbares,1970-02-23
285,nm0000132,2018-07-20,2018-08-02,5842 points,Claire Danes,My So-Called Life,1979-04-12
286,nm0000335,2018-07-18,2021-07-20,5824 points,Glenn Close,Fatal Attraction,1947-03-19
287,nm0000932,2018-07-20,2018-08-20,5779 points,Halle Berry,Catwoman,1966-08-14
288,nm0001656,2018-07-15,2018-07-15,5760 points,Donna Reed,It's a Wonderful Life,1921-01-27
289,nm0000106,2018-07-17,2018-08-02,5758 points,Drew Barrymore,Never Been Kissed,1975-02-22
290,nm1404488,2018-08-16,2018-08-18,5704 points,AJ Michalka,Super 8,1991-04-10
291,nm0957909,2018-08-15,2018-08-15,5694 points,Ayelet Zurer,Man of Steel,1969-06-28
292,nm0000300,2018-07-20,2018-08-06,5685 points,Juliette Binoche,The English Patient,1964-03-09
293,nm0782561,2018-07-18,2018-08-07,5573 points,Emmanuelle Seigner,Bitter Moon,1966-06-22
294,nm0940362,2018-08-19,2021-07-12,5425 points,Shailene Woodley,Big Little Lies,1991-11-15
295,nm1385871,2018-08-06,2018-08-24,5419 points,Olga Kurylenko,Quantum of Solace,1979-11-14
296,nm0001347,2018-07-17,2021-04-17,5277 points,Barbara Hershey,Black Swan,1948-02-05
297,nm0005392,2018-08-07,2018-08-07,5230 points,Keri Russell,Waitress,1976-03-23
298,nm2377903,2019-04-21,2019-04-21,5216 points,Lucy Boynton,Sing Street,1994-01-17
299,nm0000322,2021-07-14,2021-07-14,5203 points,Emmanuelle Béart,8 femmes,1963-08-14
300,nm0200848,2021-07-14,2021-07-14,5203 points,Ingeborga Dapkunaite,Seven Years in Tibet,1963-01-20
301,nm0001571,2018-07-15,2018-07-15,5156 points,Kim Novak,Vertigo,1933-02-13
302,nm0000895,2018-07-15,2018-07-15,5156 points,Barbara Bel Geddes,Vertigo,1922-10-31
303,nm0000014,2018-07-14,2018-07-14,5127 points,Olivia de Havilland,The Heiress,1916-07-01
304,nm3199307,2021-05-28,2021-05-28,5117 points,Ruby Rose,Orange Is the New Black,1986-03-20
305,nm0314358,2021-05-28,2021-05-28,5117 points,Claudia Gerini,The Passion of the Christ,1971-12-18
306,nm0000349,2018-08-02,2020-01-24,5068 points,Joan Cusack,In & Out,1962-10-11
307,nm0000208,2019-05-14,2019-05-14,5045 points,Molly Ringwald,Sixteen Candles,1968-02-18
308,nm0000639,2019-05-14,2019-05-14,5045 points,Ally Sheedy,The Breakfast Club,1962-06-13
309,nm2794962,2018-08-17,2018-08-21,5022 points,Hailee Steinfeld,True Grit,1996-12-11
310,nm0845209,2018-08-03,2018-08-03,4962 points,Aitana Sánchez-Gijón,The Machinist,1968-11-05
311,nm0428065,2018-08-22,2018-08-22,4915 points,Felicity Jones,Rogue One,1983-10-17
312,nm0204706,2018-08-02,2019-04-17,4895 points,Hope Davis,American Splendor,1964-03-23
313,nm0001114,2018-07-19,2019-08-15,4890 points,Judy Davis,Husbands and Wives,1955-04-23
314,nm0000161,2018-07-21,2018-08-07,4872 points,Salma Hayek,Frida,1966-09-02
315,nm0001512,2018-07-18,2019-04-19,4849 points,Mary Elizabeth Mastrantonio,The Abyss,1958-11-17
316,nm0001448,2018-07-17,2018-08-04,4791 points,Jessica Lange,Tootsie,1949-04-20
317,nm0000178,2018-07-31,2018-12-30,4783 points,Diane Lane,Unfaithful,1965-01-22
318,nm0001839,2018-07-17,2018-07-17,4779 points,Tuesday Weld,Once Upon a Time in America,1943-08-27
319,nm0000572,2018-07-20,2018-07-22,4757 points,Sarah Jessica Parker,Sex and the City,1965-03-25
320,nm0000414,2018-07-16,2018-07-17,4738 points,Teri Garr,Close Encounters of the Third Kind,1947-12-11
321,nm0000304,2018-07-16,2018-07-16,4713 points,Linda Blair,The Exorcist,1959-01-22
322,nm1950086,2018-08-19,2018-08-24,4656 points,Greta Gerwig,Lady Bird,1983-08-04
323,nm3034977,2018-08-24,2018-08-24,4613 points,Samara Weaving,Ready or Not,1992-02-23
324,nm0001788,2018-07-15,2018-07-19,4568 points,Jessica Tandy,Driving Miss Daisy,1909-06-07
325,nm0381342,2018-08-08,2018-08-22,4546 points,Hannah Herzsprung,The Reader,1981-09-07
326,nm0000223,2018-07-17,2021-05-15,4535 points,Elisabeth Shue,Leaving Las Vegas,1963-10-06
327,nm0749104,2018-08-03,2021-05-26,4452 points,Belén Rueda,El orfanato,1965-03-16
328,nm0005031,2018-07-30,2018-07-30,4441 points,Felicity Huffman,Transamerica,1962-12-09
329,nm2163344,2018-08-21,2018-08-21,4423 points,Ko Asung,Snowpiercer,1992-08-10
330,nm0240318,2018-08-02,2018-08-06,4387 points,Lola Dueñas,Mar adentro,1971-10-06
331,nm0044073,2018-08-17,2018-08-17,4342 points,Lubna Azabal,Incendies,1973-08-15
332,nm0000289,2018-08-06,2019-04-14,4324 points,Ellen Barkin,The Fan,1954-04-16
333,nm0935541,2019-09-24,2019-09-24,4310 points,Mary Elizabeth Winstead,10 Cloverfield Lane,1984-11-28
334,nm1443740,2018-08-16,2021-05-08,4306 points,Zoe Kazan,Ruby Sparks,1983-09-09
335,nm0001631,2018-07-31,2018-08-15,4305 points,Sarah Polley,Dawn of the Dead,1979-01-08
336,nm0000659,2018-08-03,2018-08-18,4293 points,Barbra Streisand,Funny Girl,1942-04-24
337,nm0640323,2018-08-01,2018-08-01,4270 points,Frances O'Connor,A.I. Artificial Intelligence,1967-06-12
338,nm0227039,2018-07-16,2020-12-23,4244 points,Melinda Dillon,Magnolia,1939-10-13
339,nm0000291,2018-07-19,2021-05-01,4236 points,Angela Bassett,Black Panther,1958-08-16
340,nm0001041,2018-07-31,2018-08-01,4162 points,Maggie Cheung,Fa yeung nin wah,1964-09-20
341,nm0001767,2018-07-20,2018-08-22,4134 points,Imelda Staunton,Harry Potter and the Order of the Phoenix,1956-01-09
342,nm0477810,2018-08-03,2018-08-03,4108 points,Juliane Köhler,Der Untergang,1965-08-06
343,nm0000956,2018-07-18,2018-07-26,4077 points,Lisa Bonet,Angel Heart,1967-11-16
344,nm0710658,2018-08-20,2018-08-20,4060 points,Alexandra Rapaport,Gåsmamman,1971-12-26
345,nm0001404,2018-07-16,2020-12-30,4002 points,Madeline Kahn,Paper Moon,1942-09-29
346,nm0000593,2018-07-21,2018-08-07,3982 points,Kelly Preston,Battlefield Earth,1962-10-13
347,nm0798971,2021-05-15,2021-05-15,3981 points,Sarah Silverman,Wreck-It Ralph,1970-12-01
348,nm0000002,2018-07-15,2018-08-02,3964 points,Lauren Bacall,To Have and Have Not,1924-09-16
349,nm0001666,2018-07-15,2021-07-17,3964 points,Debbie Reynolds,Singin' in the Rain,1932-04-01
350,nm0000267,2018-07-15,2018-07-15,3962 points,Julie Andrews,The Sound of Music,1935-10-01
351,nm0267042,2018-08-08,2018-08-24,3932 points,Golshifteh Farahani,Paterson,1983-07-10
352,nm0002106,2018-07-16,2018-07-16,3925 points,Ruth Gordon,Rosemary's Baby,1896-10-30
353,nm0000931,2018-07-17,2018-07-17,3902 points,Elizabeth Berridge,Amadeus,1962-05-02
354,nm4456120,2021-11-26,2021-11-26,3898 points,Elizabeth Debicki,The Great Gatsby,1990-08-24
355,nm0000017,2018-07-15,2018-07-15,3842 points,Marlene Dietrich,Witness for the Prosecution,1901-12-27
356,nm5637553,2020-12-25,2020-12-25,3829 points,Laura Harrier,Spider-Man: Homecoming,1990-03-28
357,nm0221046,2018-08-08,2018-08-08,3824 points,Zooey Deschanel,New Girl,1980-01-17
358,nm0004647,2018-07-23,2018-07-23,3808 points,Carroll Baker,Baby Doll,1931-05-28
359,nm1128572,2018-08-10,2018-08-19,3780 points,Lake Bell,In a World...,1979-03-24
360,nm0000054,2018-07-15,2018-07-15,3774 points,Marilyn Monroe,Some Like It Hot,1926-06-01
361,nm0000761,2018-07-15,2020-04-23,3753 points,Bibi Andersson,Persona,1935-11-11
362,nm0098378,2018-08-09,2018-08-22,3720 points,Kate Bosworth,21,1983-01-02
363,nm1011070,2018-08-16,2018-08-20,3683 points,Marta Etura,Ofrenda a la tormenta,1978-10-28
364,nm0001491,2018-07-20,2021-09-13,3660 points,Melanie Lynskey,Togetherness,1977-05-16
365,nm0001020,2018-07-22,2021-05-25,3634 points,Katrin Cartlidge,Breaking the Waves,1961-05-15
366,nm0000298,2018-07-17,2021-05-16,3608 points,Candice Bergen,Miss Congeniality,1946-05-09
367,nm3114649,2018-08-23,2018-08-24,3598 points,Charlotte Le Bon,Anthropoid,1986-09-04
368,nm9681752,2021-09-08,2021-09-08,3590 points,Julia Fox,Uncut Gems,
369,nm0579953,2021-09-08,2021-09-08,3590 points,Idina Menzel,Frozen,1971-05-30
370,nm0005009,2018-08-01,2018-08-01,3583 points,Laura Harring,Mulholland Dr.,1964-03-03
371,nm0748973,2018-08-17,2018-08-19,3573 points,Maya Rudolph,Bridesmaids,1972-07-27
372,nm0000326,2018-08-17,2021-08-18,3556 points,Kim Cattrall,Sex and the City 2,1956-08-21
373,nm0647634,2018-08-20,2018-08-24,3524 points,Elizabeth Olsen,Martha Marcy May Marlene,1989-02-16
374,nm0000675,2018-07-20,2019-12-18,3496 points,Jeanne Tripplehorn,Basic Instinct,1963-06-10
375,nm0252238,2018-08-17,2018-08-22,3475 points,Carmen Ejogo,Selma,1973-10-22
376,nm0001375,2018-07-15,2018-07-16,3439 points,Kim Hunter,A Streetcar Named Desire,1922-11-12
377,nm0000534,2018-07-17,2018-07-18,3411 points,Kelly McGillis,Witness,1957-07-09
378,nm0002663,2018-07-18,2021-03-04,3393 points,Diane Ladd,Wild at Heart,1935-11-29
379,nm0002114,2018-07-17,2019-10-19,3384 points,Kim Greist,Brazil,1958-05-12
380,nm2358540,2021-05-23,2021-05-23,3377 points,Natalie Martinez,Death Race,1984-07-12
381,nm0368689,2018-08-19,2018-08-19,3357 points,Leila Hatami,Jodaeiye Nader az Simin,1972-10-01
382,nm0000515,2018-08-03,2018-08-23,3338 points,Virginia Madsen,Sideways,1961-09-11
383,nm0046277,2018-08-20,2018-08-20,3315 points,Bae Doona,Cloud Atlas,1979-10-11
384,nm0955782,2018-08-20,2018-08-20,3315 points,Xun Zhou,Li Mi De Cai Xiang,1974-10-18
385,nm0001573,2019-01-28,2019-01-28,3283 points,Catherine O'Hara,Best in Show,1954-03-04
386,nm3043279,2018-08-19,2018-08-22,3275 points,Vicky Krieps,Phantom Thread,1983-10-04
387,nm0000084,2018-08-04,2021-10-13,3222 points,Gong Li,Man cheng jin dai huang jin jia,1965-12-31
388,nm0005261,2018-07-30,2018-08-02,3216 points,Brittany Murphy,Just Married,1977-11-10
389,nm0384908,2018-07-16,2018-07-17,3215 points,Wendy Hiller,Murder on the Orient Express,1912-08-15
390,nm1875238,2021-05-21,2021-05-21,3214 points,Jessica Barden,Hanna,1992-07-21
391,nm0001605,2018-08-02,2018-08-04,3196 points,Amanda Peet,2012,1972-01-11
392,nm0000031,2018-07-14,2018-07-16,3190 points,Katharine Hepburn,The Lion in Winter,1907-05-12
393,nm3512758,2020-03-16,2020-03-16,3189 points,Sarah Snook,Predestination,1987-12-01
394,nm0001859,2018-07-15,2018-07-16,3166 points,Shelley Winters,The Poseidon Adventure,1920-08-18
395,nm0000207,2018-07-24,2018-08-02,3163 points,Christina Ricci,Buffalo '66,1980-02-12
396,nm0000678,2018-07-17,2018-07-30,3131 points,Kathleen Turner,Romancing the Stone,1954-06-19
397,nm2605345,2018-08-08,2018-08-08,3128 points,Gemma Arterton,Prince of Persia: The Sands of Time,1986-02-02
398,nm0001335,2018-07-15,2018-10-14,3117 points,Tippi Hedren,The Birds,1930-01-19
399,nm0841797,2018-07-15,2018-07-15,3091 points,Gloria Swanson,Sunset Blvd.,1899-03-27
400,nm0126284,2019-12-29,2019-12-29,3075 points,Rose Byrne,Spy,1979-07-24
401,nm0623658,2018-07-15,2018-07-15,3065 points,Patricia Neal,Hud,1926-01-20
402,nm1271759,2018-08-05,2018-08-05,3050 points,Sara Forestier,Le nom des gens,1986-10-04
403,nm0000737,2018-07-16,2018-07-17,3040 points,Jane Alexander,Kramer vs. Kramer,1939-10-28
404,nm0245988,2018-07-27,2018-08-22,3011 points,Trine Dyrholm,Dronningen,1972-04-15
405,nm0375609,2018-07-14,2021-04-13,2963 points,Brigitte Helm,Metropolis,1906-03-17
406,nm0176882,2018-08-02,2018-08-02,2937 points,A.J. Cook,Final Destination 2,1978-07-22
407,nm0001461,2018-07-31,2018-07-31,2907 points,Virginie Ledoyen,8 femmes,1976-11-15
408,nm0000330,2018-07-17,2018-07-21,2895 points,Stockard Channing,Practical Magic,1944-02-13
409,nm0544334,2018-08-22,2018-08-22,2887 points,Lesley Manville,Phantom Thread,1956-03-12
410,nm0000205,2018-08-24,2021-01-06,2881 points,Parker Posey,Scream 3,1968-11-08
411,nm0001453,2018-07-15,2018-07-16,2865 points,Piper Laurie,The Hustler,1932-01-22
412,nm0000542,2018-07-20,2018-07-20,2839 points,Penelope Ann Miller,The Relic,1964-01-13
413,nm0001049,2018-08-19,2018-08-19,2839 points,Jill Clayburgh,Bridesmaids,1944-04-30
414,nm0000378,2018-07-21,2018-07-21,2800 points,Minnie Driver,Circle of Friends,1970-01-31
415,nm7340546,2020-03-09,2021-05-25,2797 points,Eliza Scanlen,Little Women,1999-01-06
416,nm0005253,2018-08-24,2018-08-24,2774 points,Elisabeth Moss,The Invisible Man,1982-07-24
417,nm0728938,2018-08-20,2021-07-14,2756 points,Emmanuelle Riva,Hiroshima mon amour,1927-02-24
418,nm0914455,2018-08-02,2018-08-06,2712 points,Leonor Watling,The Oxford Murders,1975-07-28
419,nm0940946,2018-07-20,2018-07-20,2710 points,Joanne Woodward,"Rachel, Rachel",1930-02-27
420,nm0001482,2018-07-22,2018-07-30,2698 points,Courtney Love,The People vs. Larry Flynt,1964-07-09
421,nm0000366,2018-07-15,2018-07-31,2672 points,Catherine Deneuve,Belle de jour,1943-10-22
422,nm1720028,2018-08-23,2018-08-23,2661 points,Amber Heard,Aquaman,1986-04-22
423,nm0000733,2018-07-15,2018-07-15,2656 points,Anouk Aimée,8½,1932-04-27
424,nm0353546,2020-08-19,2020-08-19,2641 points,Julie Hagerty,Freddy Got Fingered,1955-06-15
425,nm0897845,2018-08-15,2018-08-15,2629 points,Soledad Villamil,El secreto de sus ojos,1969-06-19
426,nm0116254,2018-08-04,2018-08-04,2615 points,Valeria Bruni Tedeschi,Il est plus facile pour un chameau...,1964-11-16
427,nm0000624,2018-07-18,2018-07-18,2555 points,Laura San Giacomo,"Sex, Lies, and Videotape",1962-11-14
428,nm0000096,2018-08-06,2018-08-06,2511 points,Gillian Anderson,The X Files,1968-08-09
429,nm0005203,2018-08-01,2018-08-01,2506 points,Mary McCormack,Deep Impact,1969-02-08
430,nm0359652,2018-08-06,2018-08-07,2461 points,Marina Hands,Lady Chatterley,1975-01-10
431,nm0905676,2021-05-26,2021-05-26,2460 points,Ana Wagener,Biutiful,
432,nm1036659,2021-05-26,2021-05-26,2460 points,Bárbara Lennie,Magical Girl,1984-04-20
433,nm0000012,2018-07-15,2018-07-15,2457 points,Bette Davis,All About Eve,1908-04-05
434,nm0885098,2018-07-15,2018-07-15,2455 points,Alida Valli,The Third Man,1921-05-31
435,nm0000404,2018-08-21,2018-08-23,2440 points,Jane Fonda,Klute,1937-12-21
436,nm0000879,2018-07-15,2018-07-15,2440 points,Anne Baxter,All About Eve,1923-05-07
437,nm0000072,2018-07-15,2019-10-27,2436 points,Elizabeth Taylor,Who's Afraid of Virginia Woolf?,1932-02-27
438,nm0000272,2018-08-06,2019-04-10,2426 points,Fanny Ardant,8 femmes,1949-03-22
439,nm0942863,2018-07-14,2018-08-03,2415 points,Teresa Wright,Shadow of a Doubt,1918-10-27
440,nm0001713,2018-07-21,2018-07-21,2409 points,Izabella Scorupco,GoldenEye,1970-06-04
441,nm0272581,2018-08-24,2018-08-24,2388 points,Rebecca Ferguson,The Greatest Showman,1983-10-19
442,nm0000556,2018-07-17,2018-07-17,2368 points,Olivia Newton-John,Grease,1948-09-26
443,nm0000781,2018-07-17,2018-07-17,2368 points,Eve Arden,Our Miss Brooks,1908-04-30
444,nm0000951,2018-07-17,2018-07-17,2368 points,Joan Blondell,Grease,1906-08-30
445,nm0175931,2018-08-07,2018-08-24,2333 points,Anne Consigny,Elle,1963-05-25
446,nm0001711,2018-07-24,2018-07-27,2331 points,Annabella Sciorra,The Hand That Rocks the Cradle,1960-03-29
447,nm0796662,2018-07-22,2018-07-22,2326 points,Sylvia Sidney,Beetle Juice,1910-08-08
448,nm0001797,2018-07-20,2018-07-20,2325 points,Rachel Ticotin,Total Recall,1958-11-01
449,nm0206257,2018-08-17,2018-08-17,2287 points,Rosario Dawson,Rent,1979-05-09
450,nm0142972,2018-12-18,2018-12-18,2283 points,Amira Casar,Call Me by Your Name,1971-05-01
451,nm0000884,2018-08-17,2018-08-17,2280 points,Jennifer Beals,Flashdance,1963-12-19
452,nm0892299,2018-08-07,2018-08-07,2273 points,Manuela Velasco,[Rec],1975-10-23
453,nm0000612,2018-07-29,2018-07-30,2257 points,Denise Richards,The World Is Not Enough,1971-02-17
454,nm0000081,2018-07-15,2018-07-15,2256 points,Natalie Wood,Rebel Without a Cause,1938-07-20
455,nm0000262,2018-07-17,2018-07-18,2255 points,Nancy Allen,Dressed to Kill,1950-06-24
456,nm0000724,2018-07-17,2020-09-01,2246 points,Brooke Adams,Invasion of the Body Snatchers,1949-02-08
457,nm0765911,2018-08-02,2018-08-02,2214 points,Katrin Saß,Good Bye Lenin!,1956-10-23
458,nm0000613,2021-09-08,2021-09-08,2205 points,Joely Richardson,Nip/Tuck,1965-01-09
459,nm0720671,2021-09-08,2021-09-08,2205 points,Thekla Reuten,In Bruges,1975-09-16
460,nm0000486,2018-09-25,2018-09-25,2197 points,Heather Langenkamp,A Nightmare on Elm Street,1964-07-17
461,nm0086867,2018-09-25,2018-09-25,2197 points,Ronee Blakley,Nashville,1945-08-24
462,nm0515116,2018-08-20,2018-08-24,2179 points,Blake Lively,Gossip Girl,1987-08-25
463,nm0001766,2018-07-14,2018-07-14,2166 points,Barbara Stanwyck,Double Indemnity,1907-07-16
464,nm0006471,2018-07-14,2018-07-15,2149 points,Elsa Lanchester,Witness for the Prosecution,1902-10-28
465,nm0000802,2018-07-14,2018-07-14,2143 points,Mary Astor,The Maltese Falcon,1906-05-03
466,nm0001665,2018-07-15,2018-07-16,2120 points,Lee Remick,Anatomy of a Murder,1935-12-14
467,nm0000700,2018-07-17,2021-04-30,2074 points,Debra Winger,Terms of Endearment,1955-05-16
468,nm0001339,2021-04-26,2021-04-26,2068 points,Marg Helgenberger,CSI: Crime Scene Investigation,1958-11-16
469,nm1263939,2021-04-26,2021-04-26,2068 points,Danielle Panabaker,The Flash,1987-09-19
470,nm0001376,2018-08-20,2018-08-24,2051 points,Isabelle Huppert,Elle,1953-03-16
471,nm0428121,2021-01-01,2021-01-01,2038 points,Gemma Jones,Sense and Sensibility,1942-12-04
472,nm0880521,2018-07-16,2018-07-16,2032 points,Liv Ullmann,Viskningar och rop,1938-12-16
473,nm0795517,2018-08-01,2018-08-01,2029 points,Shu Qi,The Transporter,1976-04-16
474,nm0000446,2018-07-17,2018-07-17,1988 points,Mariel Hemingway,Manhattan,1961-11-22
475,nm1111968,2021-05-03,2021-05-03,1984 points,Alexa Davalos,The Chronicles of Riddick,1982-05-28
476,nm0001943,2018-07-16,2018-07-16,1981 points,Marisa Berenson,Cabaret,1947-02-15
477,nm0853040,2021-11-04,2021-11-04,1950 points,Regina Taylor,Courage Under Fire,1960-08-22
478,nm0240359,2018-08-22,2018-08-22,1945 points,Anne-Marie Duff,Nowhere Boy,1970-10-08
479,nm0824785,2018-07-27,2018-08-05,1923 points,Paprika Steen,Applaus,1964-11-03
480,nm0005386,2018-07-30,2020-02-09,1916 points,Cecilia Roth,Todo sobre mi madre,1956-08-08
481,nm1495520,2020-02-09,2020-02-09,1915 points,Caitriona Balfe,Ford v Ferrari,1979-10-04
482,nm0001388,2018-07-16,2018-07-16,1911 points,Amy Irving,Traffic,1953-09-10
483,nm0000360,2018-07-19,2021-01-16,1905 points,Rebecca De Mornay,Runaway Train,1959-08-29
484,nm0038680,2021-06-29,2021-06-29,1901 points,Ashanti,Coach Carter,1980-10-13
485,nm0211087,2018-08-17,2018-08-17,1891 points,Emilie de Ravin,Remember Me,1981-12-27
486,nm1300303,2018-08-19,2018-08-19,1862 points,Svetlana Khodchenkova,Tinker Tailor Soldier Spy,1983-01-21
487,nm0025745,2018-08-19,2018-08-19,1832 points,Elena Anaya,La piel que habito,1975-07-17
488,nm0000506,2018-08-22,2018-08-22,1830 points,Julia Louis-Dreyfus,Seinfeld,1961-01-13
489,nm0027683,2018-08-02,2018-08-02,1801 points,Harriet Andersson,Viskningar och rop,1932-02-14
490,nm0001413,2019-07-11,2019-07-11,1778 points,Julie Kavner,The Simpsons,1950-09-07
491,nm0488053,2018-08-16,2018-08-23,1756 points,Ursina Lardi,Lore,1970-12-19
492,nm0004695,2018-08-08,2018-08-18,1750 points,Jessica Alba,Fantastic Four,1981-04-28
493,nm0208426,2018-08-18,2020-03-11,1745 points,Cécile de France,L'auberge espagnole,1975-07-17
494,nm0002141,2018-07-15,2018-07-15,1736 points,Celeste Holm,All About Eve,1917-04-29
495,nm0000524,2018-07-19,2018-07-20,1726 points,Mary Stuart Masterson,Benny & Joon,1966-06-28
496,nm2461627,2018-08-07,2018-08-07,1723 points,Markéta Irglová,Once,1988-02-28
497,nm0590452,2018-07-15,2018-07-15,1705 points,Sandra Milo,8½,1933-03-11
498,nm0868479,2018-07-22,2018-08-09,1696 points,Ana Torrent,Tesis,1966-07-12
499,nm0282936,2018-08-02,2018-08-02,1694 points,Rosario Flores,Hable con ella,1963-11-04
500,nm2142336,2021-05-25,2021-05-25,1674 points,Riley Keough,Mad Max: Fury Road,1989-05-29
501,nm0231436,2019-06-27,2019-06-27,1664 points,Dagmara Dominczyk,The Count of Monte Cristo,1976-07-17
502,nm0001393,2018-07-19,2018-07-20,1632 points,Irène Jacob,La double vie de Véronique,1966-07-15
503,nm0000795,2018-07-14,2018-10-15,1623 points,Jean Arthur,Mr. Smith Goes to Washington,1900-10-17
504,nm0001739,2018-07-15,2018-07-15,1616 points,Jean Simmons,Guys and Dolls,1929-01-31
505,nm0701012,2018-07-14,2018-07-14,1600 points,Edna Purviance,A Woman of Paris: A Drama of Fate,1895-10-21
506,nm0000182,2018-07-26,2018-07-27,1578 points,Jennifer Lopez,Hustlers,1969-07-24
507,nm0000266,2018-07-15,2018-07-15,1575 points,Ursula Andress,Dr. No,1936-03-19
508,nm0000021,2018-07-14,2018-07-14,1573 points,Joan Fontaine,Suspicion,1917-10-22
509,nm0556399,2018-07-15,2018-07-15,1570 points,Giulietta Masina,Le notti di Cabiria,1921-02-22
510,nm1782299,2021-08-30,2021-08-30,1553 points,Imogen Poots,Vivarium,1989-06-03
511,nm0756203,2018-08-02,2018-08-06,1544 points,Ludivine Sagnier,8 femmes,1979-07-03
512,nm1195119,2020-03-26,2020-03-26,1516 points,Kim Min-hee,Ah-ga-ssi,1982-03-01
513,nm3892241,2020-03-26,2020-03-26,1516 points,Kim Tae-ri,Ah-ga-ssi,1990-04-24
514,nm0517820,2018-07-29,2018-08-06,1515 points,Lindsay Lohan,The Parent Trap,1986-07-02
515,nm0000105,2019-10-26,2019-10-26,1514 points,Adrienne Barbeau,Escape from New York,1945-06-11
516,nm0560962,2018-08-06,2018-08-06,1493 points,Carmen Maura,"Mujeres al borde de un ataque de ""nervios""",1945-09-15
517,nm0000426,2018-11-14,2018-11-14,1492 points,Jennifer Grey,Dirty Dancing,1960-03-26
518,nm0001614,2018-07-19,2018-07-19,1455 points,Lori Petty,Tank Girl,1963-10-14
519,nm0001951,2018-07-31,2018-07-31,1423 points,Björk,Dancer in the Dark,1965-11-21
520,nm0862026,2018-07-15,2018-07-15,1410 points,Ingrid Thulin,Smultronstället,1926-01-27
521,nm0001615,2019-01-27,2019-01-27,1375 points,Elizabeth Peña,Rush Hour,1959-09-23
522,nm0004418,2018-08-17,2018-08-17,1370 points,Kajol,Kuch Kuch Hota Hai,1974-08-05
523,nm0528987,2018-07-15,2018-07-15,1369 points,Sue Lyon,Lolita,1946-07-10
524,nm3239803,2021-10-31,2021-10-31,1365 points,Kaitlyn Dever,Booksmart,1996-12-21
525,nm3159825,2018-08-17,2018-08-17,1353 points,Maricel Álvarez,Biutiful,
526,nm0666788,2018-08-09,2018-08-09,1332 points,Christiane Paul,Im Juli,1974-03-08
527,nm0565250,2018-08-22,2018-08-22,1317 points,Melissa McCarthy,The Heat,1970-08-26
528,nm0000333,2018-07-18,2018-08-18,1292 points,Cher,Moonstruck,1946-05-20
529,nm0001273,2018-07-15,2018-07-15,1289 points,Lillian Gish,The Night of the Hunter,1893-10-14
530,nm0336531,2018-07-15,2018-07-15,1253 points,Coleen Gray,The Killing,1922-10-23
531,nm0768058,2018-08-01,2018-08-01,1250 points,Andrea Sawatzki,Tatort,1963-02-23
532,nm0094081,2019-03-07,2019-03-07,1237 points,Natalya Bondarchuk,Solyaris,1950-05-10
533,nm1267552,2018-08-17,2018-08-24,1228 points,Taraneh Alidoosti,Forushande,1984-01-12
534,nm0000302,2018-07-16,2018-07-16,1226 points,Jacqueline Bisset,Bullitt,1944-09-13
535,nm0219990,2019-11-06,2019-11-06,1222 points,Kassie Wesley DePaiva,One Life to Live,1961-03-21
536,nm0005501,2018-08-22,2018-08-22,1221 points,Lorraine Toussaint,Hudson Hawk,1960-04-04
537,nm0001496,2018-12-30,2018-12-30,1220 points,Amy Madigan,Field of Dreams,1950-09-11
538,nm1555340,2018-08-24,2018-08-24,1211 points,Alison Brie,GLOW,1982-12-29
539,nm0660327,2018-07-15,2018-07-16,1208 points,Irene Papas,The Guns of Navarone,1926-09-03
540,nm0246686,2021-06-24,2021-06-24,1200 points,Melonie Diaz,Fruitvale Station,1984-04-25
541,nm0001055,2018-07-14,2018-07-14,1199 points,Claudette Colbert,It Happened One Night,1903-09-13
542,nm0000627,2018-07-19,2021-09-10,1197 points,Greta Scacchi,The Player,1960-02-18
543,nm1155977,2020-02-09,2021-05-24,1185 points,Nora Navas,Dolor y gloria,
544,nm0006800,2018-07-16,2019-10-27,1175 points,Sandy Dennis,Who's Afraid of Virginia Woolf?,1937-04-27
545,nm0452288,2018-07-17,2018-07-17,1171 points,Margot Kidder,Superman,1948-10-17
546,nm0107281,2020-12-30,2020-12-30,1171 points,Eileen Brennan,Clue,1932-09-03
547,nm0000690,2020-12-30,2020-12-30,1171 points,Lesley Ann Warren,Victor Victoria,1946-08-16
548,nm0001156,2018-07-18,2018-07-18,1169 points,Olympia Dukakis,Moonstruck,1931-06-20
549,nm0856500,2018-08-07,2018-08-07,1160 points,Sylvie Testud,La Môme,1971-01-17
550,nm6073955,2020-03-09,2020-03-09,1123 points,Florence Pugh,Midsommar,1996-01-03
551,nm0000256,2018-07-17,2018-07-17,1121 points,Jenny Agutter,Logan's Run,1952-12-20
552,nm0001560,2018-08-20,2018-08-20,1098 points,Ornella Muti,Flash Gordon,1955-03-09
553,nm0895759,2020-10-14,2020-10-14,1081 points,Karin Viard,Polisse,1966-01-24
554,nm0235342,2020-10-14,2020-10-14,1081 points,Marie-Laure Dougnac,Delicatessen,
555,nm0889522,2021-10-10,2021-10-10,1075 points,Nia Vardalos,My Big Fat Greek Wedding,1962-09-24
556,nm0478165,2018-08-16,2018-08-16,1071 points,Steffi Kühnert,Halt auf freier Strecke,1963-02-19
557,nm4141252,2020-02-09,2020-02-09,1070 points,Lily James,Cinderella,1989-04-05
558,nm2178959,2018-08-16,2018-08-16,1053 points,Lily Cole,Snow White and the Huntsman,1987-12-27
559,nm0002062,2021-01-18,2021-01-18,1053 points,Kathryn Erbe,Law & Order: Criminal Intent,1965-07-05
560,nm0001152,2021-01-18,2021-01-18,1053 points,Illeana Douglas,To Die For,1961-07-25
561,nm0320760,2018-08-04,2018-08-04,1030 points,Annie Girardot,La pianiste,1931-10-25
562,nm0000819,2018-07-16,2018-07-16,1029 points,Barbara Bach,The Spy Who Loved Me,1946-08-28
563,nm0001040,2018-07-18,2018-07-18,1027 points,Joan Chen,The Last Emperor,1961-04-26
564,nm0001851,2018-07-17,2018-07-17,1019 points,JoBeth Williams,Poltergeist,1948-12-06
565,nm0603446,2018-08-06,2018-08-06,1018 points,Yolande Moreau,Quand la mer monte...,1953-02-27
566,nm0815370,2019-04-28,2019-04-28,2492 points,Shannyn Sossamon,Wristcutters: A Love Story,1978-10-03
567,nm0516800,2018-07-16,2018-07-16,1016 points,Sondra Locke,Bronco Billy,1944-05-28
568,nm0000176,2018-07-17,2019-01-27,1014 points,Nastassja Kinski,Tess,1961-01-24
569,nm0591877,2018-08-06,2018-08-06,990 points,Miou-Miou,La science des rêves,1950-02-22
570,nm0001450,2018-07-15,2018-07-15,984 points,Angela Lansbury,The Manchurian Candidate,1925-10-16
571,nm1411125,2021-06-15,2021-06-15,979 points,Selena Gomez,Monte Carlo,1992-07-22
572,nm2303079,2021-06-15,2021-06-15,979 points,Megan Ferguson,Soundtrack,
573,nm0396924,2018-08-06,2018-08-06,977 points,Carice van Houten,Game of Thrones,1976-09-05
574,nm0781029,2018-07-15,2019-08-26,975 points,Jean Seberg,À bout de souffle,1938-11-13
575,nm0000922,2018-07-17,2018-07-17,974 points,Sandahl Bergman,Conan the Barbarian,1951-11-14
576,nm0335519,2018-07-16,2018-07-16,965 points,Lee Grant,In the Heat of the Night,1925-10-31
577,nm0001670,2018-07-29,2018-07-29,961 points,Natasha Richardson,The Parent Trap,1963-05-11
578,nm0797531,2018-07-15,2018-07-15,955 points,Simone Signoret,Les diaboliques,1921-03-25
579,nm0636942,2018-08-18,2018-08-18,953 points,Bojana Novakovic,Devil,1981-11-17
580,nm0001179,2018-07-15,2018-07-15,951 points,Anita Ekberg,La dolce vita,1931-09-29
581,nm2747232,2020-05-23,2020-05-23,945 points,Sakura Andô,Manbiki kazoku,1986-02-18
582,nm0452817,2020-05-23,2020-05-23,945 points,Kirin Kiki,Manbiki kazoku,1943-01-15
583,nm0000271,2018-07-18,2018-07-18,942 points,Anne Archer,Fatal Attraction,1947-08-24
584,nm3467663,2021-05-26,2021-05-26,933 points,Aura Garrido,El ministerio del tiempo,1989-05-29
585,nm0396125,2018-08-22,2018-08-22,900 points,Nina Hoss,Phoenix,1975-07-07
586,nm0427066,2018-07-21,2018-07-21,889 points,Mirjana Jokovic,Maid in Manhattan,1967-11-24
587,nm0438905,2018-07-21,2018-07-21,889 points,Mirjana Karanovic,Dobra zena,1957-01-28
588,nm0001419,2018-07-16,2018-07-16,888 points,Sally Kellerman,M*A*S*H,1937-06-02
589,nm2130040,2020-12-08,2020-12-08,884 points,Alba Rohrwacher,Hungry Hearts,1979-02-27
590,nm0810738,2020-12-08,2020-12-08,884 points,Kasia Smutniak,Perfetti sconosciuti,1979-08-13
591,nm0266029,2021-04-12,2021-04-12,881 points,Maria Falconetti,La passion de Jeanne d'Arc,1892-07-21
592,nm0510857,2018-07-20,2018-07-20,877 points,Brigitte Lin,Ging chaat goo si,1954-11-03
593,nm0164883,2018-07-14,2018-07-14,875 points,Mae Clarke,Frankenstein,1910-08-16
594,nm0231652,2018-07-18,2018-07-18,869 points,Solveig Dommartin,Der Himmel über Berlin,1961-05-16
595,nm0000962,2018-07-17,2018-07-17,862 points,Carole Bouquet,For Your Eyes Only,1957-08-18
596,nm0878240,2018-07-15,2018-07-15,860 points,Rita Tushingham,The Knack ...and How to Get It,1942-03-14
597,nm0000224,2018-08-24,2018-08-24,858 points,Alicia Silverstone,Clueless,1976-10-04
598,nm0000443,2018-07-19,2018-07-19,850 points,Goldie Hawn,Overboard,1945-11-21
599,nm0942039,2018-07-14,2018-07-14,841 points,Fay Wray,King Kong,1907-09-15
600,nm0461498,2018-08-06,2018-08-06,840 points,Beyoncé,Dreamgirls,1981-09-04
601,nm1617685,2018-08-06,2018-08-06,840 points,Jennifer Hudson,Dreamgirls,1981-09-12
602,nm0001095,2018-07-19,2018-07-19,838 points,Béatrice Dalle,À l'intérieur,1964-12-19
603,nm0196820,2018-07-14,2018-07-14,837 points,Lil Dagover,Das Cabinet des Dr. Caligari,1887-09-30
604,nm0000117,2018-07-29,2018-07-29,832 points,Neve Campbell,Scream,1973-10-03
605,nm0485509,2018-07-14,2018-07-14,828 points,Priscilla Lane,Arsenic and Old Lace,1915-06-12
606,nm0001141,2018-07-15,2018-07-15,818 points,Angie Dickinson,Rio Bravo,1931-09-30
607,nm0559652,2020-06-25,2020-06-25,814 points,Nanako Matsushima,Ringu,1973-10-13
608,nm0620397,2020-06-25,2020-06-25,814 points,Miki Nakatani,Kiraware Matsuko no isshô,1976-01-12
609,nm0847624,2020-06-25,2020-06-25,814 points,Yûko Takeuchi,Saido kâ ni inu,1980-04-01
610,nm0001485,2018-07-15,2018-07-15,808 points,Myrna Loy,The Thin Man,1905-08-02
611,nm0310980,2018-07-14,2021-04-13,808 points,Janet Gaynor,A Star Is Born,1906-10-06
612,nm0000097,2018-08-02,2018-08-02,799 points,Pamela Anderson,Barb Wire,1967-07-01
613,nm0000227,2018-07-20,2018-07-20,792 points,Mira Sorvino,Mighty Aphrodite,1967-09-28
614,nm0117580,2020-12-15,2020-12-15,785 points,Leticia Brédice,Nueve reinas,1972-08-26
615,nm0289098,2018-07-20,2018-07-20,776 points,Kerry Fox,Shallow Grave,1966-07-30
616,nm0001265,2018-07-16,2018-07-16,774 points,Susan George,Straw Dogs,1950-07-26
617,nm2934314,2021-04-08,2021-04-08,760 points,Lily Collins,The Mortal Instruments: City of Bones,1989-03-18
618,nm0000013,2018-07-15,2018-07-15,753 points,Doris Day,Love Me or Leave Me,1922-04-03
619,nm0910947,2018-08-04,2018-08-04,748 points,Faye Wong,Chung Hing sam lam,1969-08-08
620,nm0822535,2018-07-17,2018-07-17,743 points,Kim Stanley,Seance on a Wet Afternoon,1925-02-11
621,nm1813221,2021-09-11,2021-09-11,739 points,Gugu Mbatha-Raw,Belle,1983-04-21
622,nm0005499,2020-09-30,2020-09-30,738 points,Lily Tomlin,Nashville,1939-09-01
623,nm0517506,2020-09-30,2020-09-30,738 points,Annie Ross,Short Cuts,1930-07-25
624,nm0001742,2020-09-30,2020-09-30,738 points,Lori Singer,Footloose,1957-11-06
625,nm0591485,2018-07-16,2018-07-16,732 points,Liza Minnelli,Cabaret,1946-03-12
626,nm1320089,2019-04-04,2019-04-04,729 points,Yeong-hie Seo,Chugyeokja,1980-06-13
627,nm0001076,2018-07-15,2018-07-15,721 points,Joan Crawford,What Ever Happened to Baby Jane?,1906-03-23
628,nm0001954,2018-07-18,2018-07-18,721 points,Claire Bloom,Clash of the Titans,1931-02-15
629,nm0234237,2018-08-22,2018-08-22,714 points,Anne Dorval,Mommy,1960-11-08
630,nm0167501,2018-08-22,2018-08-22,714 points,Suzanne Clément,Mommy,1969-05-12
631,nm0089408,2021-04-30,2021-04-30,709 points,Lisa Blount,An Officer and a Gentleman,1957-07-01
632,nm0002060,2021-04-30,2021-04-30,709 points,Lisa Eilbacher,Beverly Hills Cop,1956-05-05
633,nm1289528,2018-08-07,2018-08-07,705 points,Norah Jones,Ted,1979-03-30
634,nm2295540,2021-05-15,2021-05-15,702 points,Natalie Morales,Parks and Recreation,1985-02-15
635,nm0468957,2018-07-18,2018-07-18,700 points,Linda Kozlowski,Crocodile Dundee,1958-01-07
636,nm1165901,2018-08-04,2018-08-04,695 points,Seung-Yun Lee,Bin-jip,1968-08-18
637,nm0751426,2018-07-14,2018-07-14,688 points,Rosalind Russell,Auntie Mame,1907-06-04
638,nm1377449,2018-08-23,2018-08-23,685 points,Agnieszka Grochowska,Obce niebo,1979-12-31
639,nm0268626,2018-08-01,2018-08-01,680 points,Nadia Farès,Les rivières pourpres,1968-12-20
640,nm0761212,2018-08-01,2018-08-01,680 points,Dominique Sanda,Il conformista,1951-03-11
641,nm0004763,2021-04-24,2021-04-24,676 points,Mary J. Blige,Mudbound,1971-01-11
642,nm1087430,2018-08-21,2018-08-21,671 points,Julia Dietze,Iron Sky,1981-01-09
643,nm0001546,2018-07-17,2018-07-17,668 points,Mary Tyler Moore,Ordinary People,1936-12-29
644,nm0144377,2018-08-21,2018-08-21,665 points,Laetitia Casta,Arbitrage,1978-05-11
645,nm1246047,2021-05-24,2021-05-24,658 points,Adriana Ugarte,Julieta,1985-01-17
646,nm2017943,2018-08-08,2018-08-08,645 points,Hayley Atwell,Captain America: The First Avenger,1982-04-05
647,nm0516994,2018-07-14,2018-07-14,640 points,Margaret Lockwood,The Lady Vanishes,1916-09-15
648,nm1402546,2018-08-04,2018-08-04,635 points,Sibel Kekilli,Gegen die Wand,1980-06-16
649,nm0001594,2018-07-18,2018-07-18,629 points,Anne Parillaud,Nikita,1960-05-06
650,nm0000039,2018-07-15,2018-07-15,628 points,Deborah Kerr,From Here to Eternity,1921-09-30
651,nm0000429,2020-01-24,2020-01-24,628 points,Melanie Griffith,Working Girl,1957-08-09
652,nm0000726,2018-07-17,2018-07-17,627 points,Maud Adams,Octopussy,1945-02-12
653,nm0387753,2018-07-14,2018-07-14,621 points,Valerie Hobson,Bride of Frankenstein,1917-04-14
654,nm0046424,2018-08-21,2018-08-21,616 points,Veerle Baetens,The Broken Circle Breakdown,1978-01-24
655,nm0968541,2018-08-02,2018-08-02,613 points,Oksana Akinshina,Lilja 4-ever,1987-04-19
656,nm0140914,2018-07-14,2018-07-14,612 points,Madeleine Carroll,The 39 Steps,1906-02-26
657,nm2665105,2021-05-16,2021-05-16,612 points,Grace Van Patten,The Meyerowitz Stories (New and Selected),1996-11-21
658,nm0555500,2021-05-16,2021-05-16,612 points,Elizabeth Marvel,True Grit,1969-11-27
659,nm0858048,2021-05-12,2021-05-12,607 points,Mélanie Thierry,The Zero Theorem,1981-07-17
660,nm0001689,2018-07-19,2018-07-19,604 points,Mercedes Ruehl,The Fisher King,1948-02-28
661,nm0001010,2018-07-15,2018-07-15,603 points,Capucine,The Pink Panther,1928-01-06
662,nm0587234,2018-07-16,2018-07-16,601 points,Sarah Miles,Ryan's Daughter,1941-12-31
663,nm4663937,2018-08-23,2018-08-23,600 points,Laia Costa,Victoria,1985-02-18
664,nm0350451,2020-12-02,2020-12-02,595 points,Linda Zilliacus,Ondskan,1977-04-25
665,nm0947514,2018-08-02,2018-08-02,589 points,Jung-ah Yum,"Janghwa, Hongryeon",1972-07-28
666,nm1909661,2018-08-22,2018-08-22,588 points,Nimrat Kaur,The Lunchbox,1982-03-13
667,nm0002148,2018-07-20,2018-07-20,587 points,Mary Beth Hurt,Lady in the Water,1946-09-26
668,nm0364915,2018-07-15,2018-07-15,585 points,Julie Harris,The Haunting,1925-12-02
669,nm0886888,2018-07-15,2018-07-15,585 points,Jo Van Fleet,East of Eden,1915-12-29
670,nm0000074,2018-07-14,2018-07-14,584 points,Gene Tierney,Laura,1920-11-19
671,nm0324409,2020-10-21,2020-10-21,584 points,Bárbara Goenaga,Los cronocrímenes,1983-07-20
672,nm0474492,2018-08-22,2018-08-22,571 points,Agata Kulesza,Ida,1971-09-27
673,nm2251846,2018-08-22,2018-08-22,571 points,Joanna Kulig,Zimna wojna,1982-06-24
674,nm1095720,2018-08-02,2018-08-02,571 points,Keisha Castle-Hughes,Whale Rider,1990-03-24
675,nm0872456,2019-06-06,2019-06-06,568 points,Claire Trevor,Key Largo,1910-03-08
676,nm0656180,2018-07-16,2018-07-16,564 points,Geneviève Page,Belle de jour,1927-12-13
677,nm1748545,2018-08-21,2018-08-21,563 points,Agnes Kittelsen,Max Manus,1980-05-20
678,nm0448224,2021-04-12,2021-04-12,556 points,Merna Kennedy,The Circus,1908-09-07
679,nm0000047,2018-08-17,2018-08-17,552 points,Sophia Loren,La ciociara,1934-09-20
680,nm0773932,2018-07-16,2018-07-16,552 points,Maria Schneider,Ultimo tango a Parigi,1952-03-27
681,nm0888824,2020-12-27,2020-12-27,546 points,Alexandra Vandernoot,Highlander,1965-09-19
682,nm0296594,2020-12-27,2020-12-27,546 points,Catherine Frot,Marguerite,1956-05-01
683,nm0001575,2018-07-16,2018-07-16,544 points,Tatum O'Neal,Paper Moon,1963-11-05
684,nm3948952,2021-04-11,2021-04-11,543 points,Vanessa Kirby,The Crown,1988-04-18
685,nm0526724,2021-02-07,2021-02-07,538 points,Cherie Lunghi,Excalibur,1952-04-04
686,nm2050746,2021-09-03,2021-09-03,536 points,Emma Catherine Rigby,Prisoners Wives,1989-09-26
687,nm1197689,2018-08-24,2018-08-24,533 points,Sandra Hüller,Toni Erdmann,1978-04-30
688,nm0603402,2018-07-15,2018-07-15,532 points,Jeanne Moreau,Jules et Jim,1928-01-23
689,nm0944073,2018-07-15,2018-07-15,532 points,Dana Wynter,Invasion of the Body Snatchers,1931-06-08
690,nm0879947,2020-08-11,2020-08-11,532 points,Misa Uehara,Kakushi-toride no san-akunin,1937-03-26
691,nm0731499,2018-07-16,2018-07-16,523 points,Rachel Roberts,Murder on the Orient Express,1927-09-20
692,nm8023748,2021-02-21,2021-02-21,518 points,Helena Zengel,News of the World,2008-06-10
693,nm0943837,2018-07-15,2018-07-15,517 points,Jane Wyman,The Blue Veil,1917-01-05
694,nm0000058,2018-07-15,2018-07-15,515 points,Maureen O'Hara,The Quiet Man,1920-08-17
695,nm0000214,2021-02-27,2021-02-27,512 points,Mia Sara,Timecop,1967-06-19
696,nm0424743,2018-07-15,2018-07-15,510 points,Celia Johnson,Brief Encounter,1908-12-18
697,nm0002105,2020-03-12,2020-03-12,510 points,Judith Godrèche,The Overnight,1972-03-23
698,nm0726257,2019-08-01,2019-08-01,507 points,Katja Riemann,Fack ju Göhte,1963-11-01
699,nm0461746,2018-08-06,2018-08-06,507 points,Sidse Babett Knudsen,Borgen,1968-11-22
700,nm0937557,2018-08-10,2018-08-10,502 points,Johanna Wokalek,Der Baader Meinhof Komplex,1975-03-03
701,nm0880167,2018-08-10,2018-08-10,502 points,Nadja Uhl,Der Baader Meinhof Komplex,1972-05-23
702,nm0637649,2018-07-16,2018-07-16,501 points,Magali Noël,Amarcord,1932-06-27
